Month,Source,Megawatthours
9/22/22,other renewables thousand megawatthours,46079.58966
8/22/22,other renewables thousand megawatthours,44944.92266
7/22/22,other renewables thousand megawatthours,51345.41637
6/22/22,other renewables thousand megawatthours,55482.34296
5/22/22,other renewables thousand megawatthours,62683.67119
4/22/22,other renewables thousand megawatthours,64808.91979
3/22/22,other renewables thousand megawatthours,60705.97234
2/22/22,other renewables thousand megawatthours,52915.21482
1/22/22,other renewables thousand megawatthours,52366.37193
12/21/22,other renewables thousand megawatthours,52094.35389
11/21/22,other renewables thousand megawatthours,49194.91245
10/21/22,other renewables thousand megawatthours,47077.07042
9/21/22,other renewables thousand megawatthours,45997.30841
8/21/22,other renewables thousand megawatthours,45159.0897
7/21/22,other renewables thousand megawatthours,40002.89243
6/21/22,other renewables thousand megawatthours,44702.89359
5/21/22,other renewables thousand megawatthours,52058.7264
4/21/22,other renewables thousand megawatthours,52587.73171
3/21/22,other renewables thousand megawatthours,54425.47933
2/21/22,other renewables thousand megawatthours,38591.23158
1/21/22,other renewables thousand megawatthours,41790.32587
12/20/22,other renewables thousand megawatthours,43202.47546
11/20/22,other renewables thousand megawatthours,44698.69398
10/20/22,other renewables thousand megawatthours,41524.63333
9/20/22,other renewables thousand megawatthours,36584.60925
8/20/22,other renewables thousand megawatthours,38388.5287
7/20/22,other renewables thousand megawatthours,39370.89061
6/20/22,other renewables thousand megawatthours,45419.83582
5/20/22,other renewables thousand megawatthours,43901.50433
4/20/22,other renewables thousand megawatthours,43453.30806
3/20/22,other renewables thousand megawatthours,41951.27314
2/20/22,other renewables thousand megawatthours,40534.25509
1/20/22,other renewables thousand megawatthours,38708.06978
12/19/22,other renewables thousand megawatthours,36268.11001
11/19/22,other renewables thousand megawatthours,35194.18356
10/19/22,other renewables thousand megawatthours,39495.36994
9/19/22,other renewables thousand megawatthours,37438.74116
8/19/22,other renewables thousand megawatthours,34422.07451
7/19/22,other renewables thousand megawatthours,36724.01301
6/19/22,other renewables thousand megawatthours,36485.38188
5/19/22,other renewables thousand megawatthours,38897.54376
4/19/22,other renewables thousand megawatthours,41238.33095
3/19/22,other renewables thousand megawatthours,37935.0336
2/19/22,other renewables thousand megawatthours,32291.06715
1/19/22,other renewables thousand megawatthours,34409.12645
12/18/22,other renewables thousand megawatthours,34065.34506
11/18/22,other renewables thousand megawatthours,32077.20806
10/18/22,other renewables thousand megawatthours,32396.00932
9/18/22,other renewables thousand megawatthours,30678.65375
8/18/22,other renewables thousand megawatthours,33296.22076
7/18/22,other renewables thousand megawatthours,30070.54876
6/18/22,other renewables thousand megawatthours,38608.10134
5/18/22,other renewables thousand megawatthours,37268.03709
4/18/22,other renewables thousand megawatthours,38503.0881
3/18/22,other renewables thousand megawatthours,38255.90114
2/18/22,other renewables thousand megawatthours,33311.01077
1/18/22,other renewables thousand megawatthours,35761.70169
12/17/22,other renewables thousand megawatthours,32246.10665
11/17/22,other renewables thousand megawatthours,32359.22625
10/17/22,other renewables thousand megawatthours,35263.6161
9/17/22,other renewables thousand megawatthours,29297.01565
8/17/22,other renewables thousand megawatthours,26185.84086
7/17/22,other renewables thousand megawatthours,28588.48165
6/17/22,other renewables thousand megawatthours,32774.40649
5/17/22,other renewables thousand megawatthours,35192.77439
4/17/22,other renewables thousand megawatthours,36513.90757
3/17/22,other renewables thousand megawatthours,36935.25707
2/17/22,other renewables thousand megawatthours,30963.82055
1/17/22,other renewables thousand megawatthours,29929.2934
12/16/22,other renewables thousand megawatthours,32582.87261
11/16/22,other renewables thousand megawatthours,28819.10702
10/16/22,other renewables thousand megawatthours,29748.96804
9/16/22,other renewables thousand megawatthours,26529.37947
8/16/22,other renewables thousand megawatthours,24465.3212
7/16/22,other renewables thousand megawatthours,28372.4714
6/16/22,other renewables thousand megawatthours,26236.36075
5/16/22,other renewables thousand megawatthours,28711.06101
4/16/22,other renewables thousand megawatthours,29666.44452
3/16/22,other renewables thousand megawatthours,31084.07116
2/16/22,other renewables thousand megawatthours,28737.86822
1/16/22,other renewables thousand megawatthours,26679.02291
12/15/22,other renewables thousand megawatthours,28601.90271
11/15/22,other renewables thousand megawatthours,28064.82174
10/15/22,other renewables thousand megawatthours,24708.02183
9/15/22,other renewables thousand megawatthours,22647.38039
8/15/22,other renewables thousand megawatthours,22821.39226
7/15/22,other renewables thousand megawatthours,23454.49665
6/15/22,other renewables thousand megawatthours,22560.65293
5/15/22,other renewables thousand megawatthours,26182.20495
4/15/22,other renewables thousand megawatthours,26494.35636
3/15/22,other renewables thousand megawatthours,23943.3078
2/15/22,other renewables thousand megawatthours,22561.31617
1/15/22,other renewables thousand megawatthours,23121.04993
12/14/22,other renewables thousand megawatthours,22621.45863
11/14/22,other renewables thousand megawatthours,26807.47505
10/14/22,other renewables thousand megawatthours,22718.45051
9/14/22,other renewables thousand megawatthours,19893.35736
8/14/22,other renewables thousand megawatthours,19020.80881
7/14/22,other renewables thousand megawatthours,21044.18466
6/14/22,other renewables thousand megawatthours,24464.12929
5/14/22,other renewables thousand megawatthours,23822.30574
4/14/22,other renewables thousand megawatthours,26475.80569
3/14/22,other renewables thousand megawatthours,25850.67852
2/14/22,other renewables thousand megawatthours,21000.8236
1/14/22,other renewables thousand megawatthours,25493.22013
12/13/22,other renewables thousand megawatthours,21625.88278
11/13/22,other renewables thousand megawatthours,23030.46783
10/13/22,other renewables thousand megawatthours,21057.54274
9/13/22,other renewables thousand megawatthours,18991.31617
8/13/22,other renewables thousand megawatthours,17381.9058
7/13/22,other renewables thousand megawatthours,18592.80641
6/13/22,other renewables thousand megawatthours,20954.23384
5/13/22,other renewables thousand megawatthours,23254.25731
4/13/22,other renewables thousand megawatthours,23960.84797
3/13/22,other renewables thousand megawatthours,22810.18819
2/13/22,other renewables thousand megawatthours,20330.38694
1/13/22,other renewables thousand megawatthours,21518.23042
12/12/22,other renewables thousand megawatthours,21400.67405
11/12/22,other renewables thousand megawatthours,18217.13181
10/12/22,other renewables thousand megawatthours,19225.17658
9/12/22,other renewables thousand megawatthours,15401.50605
8/12/22,other renewables thousand megawatthours,15330.49444
7/12/22,other renewables thousand megawatthours,15726.31287
6/12/22,other renewables thousand megawatthours,18469.42585
5/12/22,other renewables thousand megawatthours,18897.91524
4/12/22,other renewables thousand megawatthours,18563.196
3/12/22,other renewables thousand megawatthours,20201.17419
2/12/22,other renewables thousand megawatthours,16995.7147
1/12/22,other renewables thousand megawatthours,19904.25954
12/11/22,other renewables thousand megawatthours,17185.31496
11/11/22,other renewables thousand megawatthours,18589.43134
10/11/22,other renewables thousand megawatthours,16549.79798
9/11/22,other renewables thousand megawatthours,13047.84788
8/11/22,other renewables thousand megawatthours,14053.53748
7/11/22,other renewables thousand megawatthours,14000.44504
6/11/22,other renewables thousand megawatthours,17284.12333
5/11/22,other renewables thousand megawatthours,17637.89875
4/11/22,other renewables thousand megawatthours,18125.23146
3/11/22,other renewables thousand megawatthours,16650.01181
2/11/22,other renewables thousand megawatthours,16115.56676
1/11/22,other renewables thousand megawatthours,14741.98548
12/10/22,other renewables thousand megawatthours,15358.63431
11/10/22,other renewables thousand megawatthours,15782.28754
10/10/22,other renewables thousand megawatthours,13791.0768
9/10/22,other renewables thousand megawatthours,13227.41046
8/10/22,other renewables thousand megawatthours,13100.07661
7/10/22,other renewables thousand megawatthours,13107.1365
6/10/22,other renewables thousand megawatthours,14209.22031
5/10/22,other renewables thousand megawatthours,14630.82261
4/10/22,other renewables thousand megawatthours,15607.22887
3/10/22,other renewables thousand megawatthours,14653.61964
2/10/22,other renewables thousand megawatthours,10900.52455
1/10/22,other renewables thousand megawatthours,12804.96887
12/9/22,other renewables thousand megawatthours,13060.66111
11/9/22,other renewables thousand megawatthours,12810.0734
10/9/22,other renewables thousand megawatthours,12668.07782
9/9/22,other renewables thousand megawatthours,10524.41453
8/9/22,other renewables thousand megawatthours,11790.89806
7/9/22,other renewables thousand megawatthours,11187.13007
6/9/22,other renewables thousand megawatthours,11467.48249
5/9/22,other renewables thousand megawatthours,11864.46773
4/9/22,other renewables thousand megawatthours,12985.92322
3/9/22,other renewables thousand megawatthours,12949.53168
2/9/22,other renewables thousand megawatthours,11230.67809
1/9/22,other renewables thousand megawatthours,11739.3651
12/8/22,other renewables thousand megawatthours,12390.07683
11/8/22,other renewables thousand megawatthours,10782.47354
10/8/22,other renewables thousand megawatthours,10647.06888
9/8/22,other renewables thousand megawatthours,8923.55057
8/8/22,other renewables thousand megawatthours,9514.34814
7/8/22,other renewables thousand megawatthours,10333.21035
6/8/22,other renewables thousand megawatthours,11144.83676
5/8/22,other renewables thousand megawatthours,11099.82949
4/8/22,other renewables thousand megawatthours,10971.00073
3/8/22,other renewables thousand megawatthours,10703.08856
2/8/22,other renewables thousand megawatthours,9348.76005
1/8/22,other renewables thousand megawatthours,10242.75916
12/7/22,other renewables thousand megawatthours,9552.78264
11/7/22,other renewables thousand megawatthours,9028.75999
10/7/22,other renewables thousand megawatthours,9361.56781
9/7/22,other renewables thousand megawatthours,8842.62655
8/7/22,other renewables thousand megawatthours,8894.67965
7/7/22,other renewables thousand megawatthours,8371.23945
6/7/22,other renewables thousand megawatthours,8548.92922
5/7/22,other renewables thousand megawatthours,8620.98714
4/7/22,other renewables thousand megawatthours,8693.00233
3/7/22,other renewables thousand megawatthours,8778.47553
2/7/22,other renewables thousand megawatthours,7876.86761
1/7/22,other renewables thousand megawatthours,8667.59346
12/6/22,other renewables thousand megawatthours,8504.52746
11/6/22,other renewables thousand megawatthours,8304.36634
10/6/22,other renewables thousand megawatthours,8294.69361
9/6/22,other renewables thousand megawatthours,7720.3939
8/6/22,other renewables thousand megawatthours,7893.94045
7/6/22,other renewables thousand megawatthours,8121.4469
6/6/22,other renewables thousand megawatthours,7782.45339
5/6/22,other renewables thousand megawatthours,8035.67013
4/6/22,other renewables thousand megawatthours,7859.9452
3/6/22,other renewables thousand megawatthours,8199.05401
2/6/22,other renewables thousand megawatthours,7374.01837
1/6/22,other renewables thousand megawatthours,8434.98289
12/5/22,other renewables thousand megawatthours,7756.00119
11/5/22,other renewables thousand megawatthours,7322.11699
10/5/22,other renewables thousand megawatthours,7182.04439
9/5/22,other renewables thousand megawatthours,7293.90405
8/5/22,other renewables thousand megawatthours,7236.10184
7/5/22,other renewables thousand megawatthours,7564.64011
6/5/22,other renewables thousand megawatthours,7636.09584
5/5/22,other renewables thousand megawatthours,7543.73968
4/5/22,other renewables thousand megawatthours,7200.98977
3/5/22,other renewables thousand megawatthours,7368.68101
2/5/22,other renewables thousand megawatthours,6221.27994
1/5/22,other renewables thousand megawatthours,7003.80341
12/4/22,other renewables thousand megawatthours,7024.34
11/4/22,other renewables thousand megawatthours,6491.69963
10/4/22,other renewables thousand megawatthours,6850.75314
9/4/22,other renewables thousand megawatthours,6696.56386
8/4/22,other renewables thousand megawatthours,7026.63655
7/4/22,other renewables thousand megawatthours,7267.05776
6/4/22,other renewables thousand megawatthours,7098.13732
5/4/22,other renewables thousand megawatthours,7339.34665
4/4/22,other renewables thousand megawatthours,6895.28552
3/4/22,other renewables thousand megawatthours,7000.59234
2/4/22,other renewables thousand megawatthours,6489.22123
1/4/22,other renewables thousand megawatthours,6887.68937
12/3/22,other renewables thousand megawatthours,7067.07501
11/3/22,other renewables thousand megawatthours,6530.63431
10/3/22,other renewables thousand megawatthours,6547.6885
9/3/22,other renewables thousand megawatthours,6536.95547
8/3/22,other renewables thousand megawatthours,6790.04961
7/3/22,other renewables thousand megawatthours,7009.08341
6/3/22,other renewables thousand megawatthours,6678.13294
5/3/22,other renewables thousand megawatthours,6472.6485
4/3/22,other renewables thousand megawatthours,6673.73332
3/3/22,other renewables thousand megawatthours,6718.66204
2/3/22,other renewables thousand megawatthours,5961.654
1/3/22,other renewables thousand megawatthours,6500.47424
12/2/22,other renewables thousand megawatthours,6496.89033
11/2/22,other renewables thousand megawatthours,6249.64759
10/2/22,other renewables thousand megawatthours,6559.19684
9/2/22,other renewables thousand megawatthours,6581.91716
8/2/22,other renewables thousand megawatthours,7044.04368
7/2/22,other renewables thousand megawatthours,7056.43894
6/2/22,other renewables thousand megawatthours,7065.74605
5/2/22,other renewables thousand megawatthours,6759.52683
4/2/22,other renewables thousand megawatthours,6542.95746
3/2/22,other renewables thousand megawatthours,6354.03131
2/2/22,other renewables thousand megawatthours,5799.77426
1/2/22,other renewables thousand megawatthours,6599.00197
12/1/22,other renewables thousand megawatthours,6038.20602
11/1/22,other renewables thousand megawatthours,5712.8353
10/1/22,other renewables thousand megawatthours,6050.47265
9/1/22,other renewables thousand megawatthours,5769.67347
8/1/22,other renewables thousand megawatthours,6293.25424
7/1/22,other renewables thousand megawatthours,6244.48122
6/1/22,other renewables thousand megawatthours,5964.40297
5/1/22,other renewables thousand megawatthours,5738.13593
4/1/22,other renewables thousand megawatthours,5826.69119
3/1/22,other renewables thousand megawatthours,5795.22128
2/1/22,other renewables thousand megawatthours,5310.33555
1/1/22,other renewables thousand megawatthours,6024.93415
9/22/22,wind thousand megawatthours,27024.30655
8/22/22,wind thousand megawatthours,24344.58147
7/22/22,wind thousand megawatthours,29269.06338
6/22/22,wind thousand megawatthours,33478.67943
5/22/22,wind thousand megawatthours,41645.05821
4/22/22,wind thousand megawatthours,45929.79868
3/22/22,wind thousand megawatthours,43015.75187
2/22/22,wind thousand megawatthours,37992.48918
1/22/22,wind thousand megawatthours,38083.97394
12/21/22,wind thousand megawatthours,39849.02762
11/21/22,wind thousand megawatthours,35751.09063
10/21/22,wind thousand megawatthours,32215.11144
9/21/22,wind thousand megawatthours,28997.8029
8/21/22,wind thousand megawatthours,27071.12204
7/21/22,wind thousand megawatthours,21715.55151
6/21/22,wind thousand megawatthours,26671.53368
5/21/22,wind thousand megawatthours,33786.50791
4/21/22,wind thousand megawatthours,36157.80676
3/21/22,wind thousand megawatthours,39205.24802
2/21/22,wind thousand megawatthours,26715.50092
1/21/22,wind thousand megawatthours,30060.4714
12/20/22,wind thousand megawatthours,32010.64517
11/20/22,wind thousand megawatthours,33129.4051
10/20/22,wind thousand megawatthours,28822.66268
9/20/22,wind thousand megawatthours,23185.97755
8/20/22,wind thousand megawatthours,23029.3319
7/20/22,wind thousand megawatthours,22866.19821
6/20/22,wind thousand megawatthours,30212.40523
5/20/22,wind thousand megawatthours,28377.50536
4/20/22,wind thousand megawatthours,29752.22898
3/20/22,wind thousand megawatthours,29319.78293
2/20/22,wind thousand megawatthours,29110.49454
1/20/22,wind thousand megawatthours,28121.41138
12/19/22,wind thousand megawatthours,26643.83983
11/19/22,wind thousand megawatthours,25184.35888
10/19/22,wind thousand megawatthours,27624.5193
9/19/22,wind thousand megawatthours,24513.46786
8/19/22,wind thousand megawatthours,19978.03073
7/19/22,wind thousand megawatthours,22100.72207
6/19/22,wind thousand megawatthours,22445.97049
5/19/22,wind thousand megawatthours,25779.38696
4/19/22,wind thousand megawatthours,28915.30603
3/19/22,wind thousand megawatthours,25772.67842
2/19/22,wind thousand megawatthours,22622.75342
1/19/22,wind thousand megawatthours,24301.4495
12/18/22,wind thousand megawatthours,24306.28369
11/18/22,wind thousand megawatthours,22015.7339
10/18/22,wind thousand megawatthours,21193.89801
9/18/22,wind thousand megawatthours,18519.67063
8/18/22,wind thousand megawatthours,19846.43699
7/18/22,wind thousand megawatthours,16446.57439
6/18/22,wind thousand megawatthours,24702.85593
5/18/22,wind thousand megawatthours,23953.12766
4/18/22,wind thousand megawatthours,26430.85718
3/18/22,wind thousand megawatthours,26463.70391
2/18/22,wind thousand megawatthours,23189.48924
1/18/22,wind thousand megawatthours,25598.8222
12/17/22,wind thousand megawatthours,22200.68098
11/17/22,wind thousand megawatthours,22614.8668
10/17/22,wind thousand megawatthours,24368.70291
9/17/22,wind thousand megawatthours,17911.77474
8/17/22,wind thousand megawatthours,13878.84827
7/17/22,wind thousand megawatthours,16119.99604
6/17/22,wind thousand megawatthours,20141.74696
5/17/22,wind thousand megawatthours,23067.63856
4/17/22,wind thousand megawatthours,25377.94296
3/17/22,wind thousand megawatthours,25730.61672
2/17/22,wind thousand megawatthours,22091.10927
1/17/22,wind thousand megawatthours,20798.77101
12/16/22,wind thousand megawatthours,23145.52474
11/16/22,wind thousand megawatthours,19405.64211
10/16/22,wind thousand megawatthours,20335.38978
9/16/22,wind thousand megawatthours,16403.64017
8/16/22,wind thousand megawatthours,13589.32615
7/16/22,wind thousand megawatthours,17618.35712
6/16/22,wind thousand megawatthours,16303.4413
5/16/22,wind thousand megawatthours,18847.89867
4/16/22,wind thousand megawatthours,20799.30345
3/16/22,wind thousand megawatthours,21939.40933
2/16/22,wind thousand megawatthours,20138.2278
1/16/22,wind thousand megawatthours,18466.40151
12/15/22,wind thousand megawatthours,20098.37277
11/15/22,wind thousand megawatthours,19681.71564
10/15/22,wind thousand megawatthours,16380.03853
9/15/22,wind thousand megawatthours,13971.56651
8/15/22,wind thousand megawatthours,13080.02756
7/15/22,wind thousand megawatthours,13675.44937
6/15/22,wind thousand megawatthours,13421.26619
5/15/22,wind thousand megawatthours,17151.34131
4/15/22,wind thousand megawatthours,17867.14921
3/15/22,wind thousand megawatthours,15307.92894
2/15/22,wind thousand megawatthours,14921.54534
1/15/22,wind thousand megawatthours,15162.14633
12/14/22,wind thousand megawatthours,14711.24947
11/14/22,wind thousand megawatthours,18866.92881
10/14/22,wind thousand megawatthours,14507.93111
9/14/22,wind thousand megawatthours,11519.76842
8/14/22,wind thousand megawatthours,10170.52076
7/14/22,wind thousand megawatthours,12187.39242
6/14/22,wind thousand megawatthours,15798.81712
5/14/22,wind thousand megawatthours,15601.36684
4/14/22,wind thousand megawatthours,18635.54917
3/14/22,wind thousand megawatthours,17735.8829
2/14/22,wind thousand megawatthours,14008.66045
1/14/22,wind thousand megawatthours,17911.21433
12/13/22,wind thousand megawatthours,13967.05881
11/13/22,wind thousand megawatthours,15803.25968
10/13/22,wind thousand megawatthours,13635.01809
9/13/22,wind thousand megawatthours,11674.08115
8/13/22,wind thousand megawatthours,9633.88368
7/13/22,wind thousand megawatthours,11093.61355
6/13/22,wind thousand megawatthours,13748.10576
5/13/22,wind thousand megawatthours,16238.70213
4/13/22,wind thousand megawatthours,17476.27429
3/13/22,wind thousand megawatthours,15755.65337
2/13/22,wind thousand megawatthours,14075.59068
1/13/22,wind thousand megawatthours,14738.50426
12/12/22,wind thousand megawatthours,14523.51758
11/12/22,wind thousand megawatthours,11648.4968
10/12/22,wind thousand megawatthours,12635.90112
9/12/22,wind thousand megawatthours,8789.86546
8/12/22,wind thousand megawatthours,8469.41899
7/12/22,wind thousand megawatthours,8823.083
6/12/22,wind thousand megawatthours,11972.15949
5/12/22,wind thousand megawatthours,12540.32427
4/12/22,wind thousand megawatthours,12709.03261
3/12/22,wind thousand megawatthours,14027.34496
2/12/22,wind thousand megawatthours,11051.71417
1/12/22,wind thousand megawatthours,13630.85627
12/11/22,wind thousand megawatthours,10655.77473
11/11/22,wind thousand megawatthours,12438.55312
10/11/22,wind thousand megawatthours,10525.42896
9/11/22,wind thousand megawatthours,6869.0293
8/11/22,wind thousand megawatthours,7473.59402
7/11/22,wind thousand megawatthours,7488.62905
6/11/22,wind thousand megawatthours,10985.06912
5/11/22,wind thousand megawatthours,11772.16075
4/11/22,wind thousand megawatthours,12421.65683
3/11/22,wind thousand megawatthours,10544.64605
2/11/22,wind thousand megawatthours,10451.5619
1/11/22,wind thousand megawatthours,8550.4948
12/10/22,wind thousand megawatthours,9059.29736
11/10/22,wind thousand megawatthours,9747.6191
10/10/22,wind thousand megawatthours,7943.80761
9/10/22,wind thousand megawatthours,7105.5022
8/10/22,wind thousand megawatthours,6685.85505
7/10/22,wind thousand megawatthours,6723.89118
6/10/22,wind thousand megawatthours,8049.02142
5/10/22,wind thousand megawatthours,8697.52487
4/10/22,wind thousand megawatthours,9764.45598
3/10/22,wind thousand megawatthours,8589.07682
2/10/22,wind thousand megawatthours,5431.85793
1/10/22,wind thousand megawatthours,6854.33658
12/9/22,wind thousand megawatthours,6906.05833
11/9/22,wind thousand megawatthours,6875.18302
10/9/22,wind thousand megawatthours,6813.62592
9/9/22,wind thousand megawatthours,4650.70788
8/9/22,wind thousand megawatthours,5464.47362
7/9/22,wind thousand megawatthours,4954.94132
6/9/22,wind thousand megawatthours,5599.42191
5/9/22,wind thousand megawatthours,6261.9611
4/9/22,wind thousand megawatthours,7457.69602
3/9/22,wind thousand megawatthours,7099.06292
2/9/22,wind thousand megawatthours,5852.17501
1/9/22,wind thousand megawatthours,5950.82465
12/8/22,wind thousand megawatthours,6615.89854
11/8/22,wind thousand megawatthours,4993.64564
10/8/22,wind thousand megawatthours,4756.40094
9/8/22,wind thousand megawatthours,3111.45182
8/8/22,wind thousand megawatthours,3264.40615
7/8/22,wind thousand megawatthours,4008.40059
6/8/22,wind thousand megawatthours,5140.3764
5/8/22,wind thousand megawatthours,5340.28392
4/8/22,wind thousand megawatthours,5225.28203
3/8/22,wind thousand megawatthours,4782.01995
2/8/22,wind thousand megawatthours,3851.7487
1/8/22,wind thousand megawatthours,4273.1854
12/7/22,wind thousand megawatthours,3490.23188
11/7/22,wind thousand megawatthours,3095.03643
10/7/22,wind thousand megawatthours,3376.54028
9/7/22,wind thousand megawatthours,2866.72155
8/7/22,wind thousand megawatthours,2699.36469
7/7/22,wind thousand megawatthours,2158.37244
6/7/22,wind thousand megawatthours,2620.41645
5/7/22,wind thousand megawatthours,2952.34063
4/7/22,wind thousand megawatthours,3171.70315
3/7/22,wind thousand megawatthours,3047.09243
2/7/22,wind thousand megawatthours,2519.79285
1/7/22,wind thousand megawatthours,2452.31464
12/6/22,wind thousand megawatthours,2471.68958
11/6/22,wind thousand megawatthours,2540.48864
10/6/22,wind thousand megawatthours,2442.12988
9/6/22,wind thousand megawatthours,1879.14378
8/6/22,wind thousand megawatthours,1655.18688
7/6/22,wind thousand megawatthours,1955.06423
6/6/22,wind thousand megawatthours,2051.76563
5/6/22,wind thousand megawatthours,2458.6826
4/6/22,wind thousand megawatthours,2471.76225
3/6/22,wind thousand megawatthours,2358.63174
2/6/22,wind thousand megawatthours,1921.95844
1/6/22,wind thousand megawatthours,2382.63335
12/5/22,wind thousand megawatthours,1827.81389
11/5/22,wind thousand megawatthours,1609.69148
10/5/22,wind thousand megawatthours,1446.18982
9/5/22,wind thousand megawatthours,1468.34696
8/5/22,wind thousand megawatthours,1138.03152
7/5/22,wind thousand megawatthours,1420.94183
6/5/22,wind thousand megawatthours,1796.92435
5/5/22,wind thousand megawatthours,1746.42955
4/5/22,wind thousand megawatthours,1697.5037
3/5/22,wind thousand megawatthours,1560.62565
2/5/22,wind thousand megawatthours,966.48178
1/5/22,wind thousand megawatthours,1131.5685
12/4/22,wind thousand megawatthours,1172.00867
11/4/22,wind thousand megawatthours,932.203
10/4/22,wind thousand megawatthours,1028.87272
9/4/22,wind thousand megawatthours,1089.61523
8/4/22,wind thousand megawatthours,1050.71885
7/4/22,wind thousand megawatthours,1164.37009
6/4/22,wind thousand megawatthours,1397.20574
5/4/22,wind thousand megawatthours,1701.65148
4/4/22,wind thousand megawatthours,1294.8568
3/4/22,wind thousand megawatthours,1291.224
2/4/22,wind thousand megawatthours,1021.56897
1/4/22,wind thousand megawatthours,999.44521
12/3/22,wind thousand megawatthours,1104.881
11/3/22,wind thousand megawatthours,961.432
10/3/22,wind thousand megawatthours,897.161
9/3/22,wind thousand megawatthours,895.054
8/3/22,wind thousand megawatthours,815.429
7/3/22,wind thousand megawatthours,953.396
6/3/22,wind thousand megawatthours,1047.144
5/3/22,wind thousand megawatthours,1006.383
4/3/22,wind thousand megawatthours,1092.766
3/3/22,wind thousand megawatthours,1036.104
2/3/22,wind thousand megawatthours,745.375
1/3/22,wind thousand megawatthours,632.34
12/2/22,wind thousand megawatthours,755.194
11/2/22,wind thousand megawatthours,655.946
10/2/22,wind thousand megawatthours,734.355
9/2/22,wind thousand megawatthours,735.828
8/2/22,wind thousand megawatthours,976.691
7/2/22,wind thousand megawatthours,890.455
6/2/22,wind thousand megawatthours,1126.315
5/2/22,wind thousand megawatthours,1077.641
4/2/22,wind thousand megawatthours,1024.417
3/2/22,wind thousand megawatthours,852.102
2/2/22,wind thousand megawatthours,713.932
1/2/22,wind thousand megawatthours,811.402
12/1/22,wind thousand megawatthours,615.657
11/1/22,wind thousand megawatthours,470.448
10/1/22,wind thousand megawatthours,606.829
9/1/22,wind thousand megawatthours,490.229
8/1/22,wind thousand megawatthours,577.206
7/1/22,wind thousand megawatthours,634.992
6/1/22,wind thousand megawatthours,669.634
5/1/22,wind thousand megawatthours,635.029
4/1/22,wind thousand megawatthours,684.695
3/1/22,wind thousand megawatthours,532.12
2/1/22,wind thousand megawatthours,431.242
1/1/22,wind thousand megawatthours,389.25
9/22/22,all utility-scale solar thousand megawatthours,13404.89546
8/22/22,all utility-scale solar thousand megawatthours,14375.11613
7/22/22,all utility-scale solar thousand megawatthours,15685.90245
6/22/22,all utility-scale solar thousand megawatthours,15952.77425
5/22/22,all utility-scale solar thousand megawatthours,15160.72095
4/22/22,all utility-scale solar thousand megawatthours,13438.28675
3/22/22,all utility-scale solar thousand megawatthours,11867.9625
2/22/22,all utility-scale solar thousand megawatthours,9311.76123
1/22/22,all utility-scale solar thousand megawatthours,8158.23724
12/21/22,all utility-scale solar thousand megawatthours,6090.86526
11/21/22,all utility-scale solar thousand megawatthours,7795.101
10/21/22,all utility-scale solar thousand megawatthours,9268.03855
9/21/22,all utility-scale solar thousand megawatthours,11214.24963
8/21/22,all utility-scale solar thousand megawatthours,11966.82782
7/21/22,all utility-scale solar thousand megawatthours,12191.6812
6/21/22,all utility-scale solar thousand megawatthours,12196.77663
5/21/22,all utility-scale solar thousand megawatthours,12457.16045
4/21/22,all utility-scale solar thousand megawatthours,10891.71409
3/21/22,all utility-scale solar thousand megawatthours,9296.18165
2/21/22,all utility-scale solar thousand megawatthours,6330.40705
1/21/22,all utility-scale solar thousand megawatthours,5559.24502
12/20/22,all utility-scale solar thousand megawatthours,5091.42256
11/20/22,all utility-scale solar thousand megawatthours,5766.51939
10/20/22,all utility-scale solar thousand megawatthours,7085.18487
9/20/22,all utility-scale solar thousand megawatthours,7732.32157
8/20/22,all utility-scale solar thousand megawatthours,9315.42156
7/20/22,all utility-scale solar thousand megawatthours,10609.77315
6/20/22,all utility-scale solar thousand megawatthours,9654.00577
5/20/22,all utility-scale solar thousand megawatthours,9653.40589
4/20/22,all utility-scale solar thousand megawatthours,7920.7291
3/20/22,all utility-scale solar thousand megawatthours,6349.64464
2/20/22,all utility-scale solar thousand megawatthours,5561.4092
1/20/22,all utility-scale solar thousand megawatthours,4458.87743
12/19/22,all utility-scale solar thousand megawatthours,3453.07527
11/19/22,all utility-scale solar thousand megawatthours,4363.99289
10/19/22,all utility-scale solar thousand megawatthours,6093.46647
9/19/22,all utility-scale solar thousand megawatthours,6817.21992
8/19/22,all utility-scale solar thousand megawatthours,7876.55371
7/19/22,all utility-scale solar thousand megawatthours,8132.64079
6/19/22,all utility-scale solar thousand megawatthours,7971.09298
5/19/22,all utility-scale solar thousand megawatthours,7161.89697
4/19/22,all utility-scale solar thousand megawatthours,6752.27638
3/19/22,all utility-scale solar thousand megawatthours,5898.62563
2/19/22,all utility-scale solar thousand megawatthours,3835.77281
1/19/22,all utility-scale solar thousand megawatthours,3580.20841
12/18/22,all utility-scale solar thousand megawatthours,3109.63979
11/18/22,all utility-scale solar thousand megawatthours,3742.76491
10/18/22,all utility-scale solar thousand megawatthours,4969.69097
9/18/22,all utility-scale solar thousand megawatthours,5960.90148
8/18/22,all utility-scale solar thousand megawatthours,6695.40796
7/18/22,all utility-scale solar thousand megawatthours,6754.8758
6/18/22,all utility-scale solar thousand megawatthours,7414.66701
5/18/22,all utility-scale solar thousand megawatthours,6849.01231
4/18/22,all utility-scale solar thousand megawatthours,6056.72671
3/18/22,all utility-scale solar thousand megawatthours,5056.23832
2/18/22,all utility-scale solar thousand megawatthours,3896.41408
1/18/22,all utility-scale solar thousand megawatthours,3318.97521
12/17/22,all utility-scale solar thousand megawatthours,3035.00469
11/17/22,all utility-scale solar thousand megawatthours,3208.74868
10/17/22,all utility-scale solar thousand megawatthours,4649.67321
9/17/22,all utility-scale solar thousand megawatthours,5059.44137
8/17/22,all utility-scale solar thousand megawatthours,5368.53677
7/17/22,all utility-scale solar thousand megawatthours,5569.10622
6/17/22,all utility-scale solar thousand megawatthours,6115.379
5/17/22,all utility-scale solar thousand megawatthours,5785.02726
4/17/22,all utility-scale solar thousand megawatthours,4906.67802
3/17/22,all utility-scale solar thousand megawatthours,4514.08465
2/17/22,all utility-scale solar thousand megawatthours,2751.19905
1/17/22,all utility-scale solar thousand megawatthours,2323.98616
12/16/22,all utility-scale solar thousand megawatthours,2423.52344
11/16/22,all utility-scale solar thousand megawatthours,2767.14449
10/16/22,all utility-scale solar thousand megawatthours,3191.22418
9/16/22,all utility-scale solar thousand megawatthours,3635.06928
8/16/22,all utility-scale solar thousand megawatthours,3969.18623
7/16/22,all utility-scale solar thousand megawatthours,3944.79289
6/16/22,all utility-scale solar thousand megawatthours,3473.49784
5/16/22,all utility-scale solar thousand megawatthours,3425.18345
4/16/22,all utility-scale solar thousand megawatthours,2879.68187
3/16/22,all utility-scale solar thousand megawatthours,2617.45225
2/16/22,all utility-scale solar thousand megawatthours,2241.56342
1/16/22,all utility-scale solar thousand megawatthours,1485.80182
12/15/22,all utility-scale solar thousand megawatthours,1569.89498
11/15/22,all utility-scale solar thousand megawatthours,1729.6613
10/15/22,all utility-scale solar thousand megawatthours,1909.57979
9/15/22,all utility-scale solar thousand megawatthours,2217.1241
8/15/22,all utility-scale solar thousand megawatthours,2687.55324
7/15/22,all utility-scale solar thousand megawatthours,2627.06355
6/15/22,all utility-scale solar thousand megawatthours,2557.5982
5/15/22,all utility-scale solar thousand megawatthours,2504.14881
4/15/22,all utility-scale solar thousand megawatthours,2379.11811
3/15/22,all utility-scale solar thousand megawatthours,2072.25703
2/15/22,all utility-scale solar thousand megawatthours,1483.55386
1/15/22,all utility-scale solar thousand megawatthours,1155.35063
12/14/22,all utility-scale solar thousand megawatthours,1031.74441
11/14/22,all utility-scale solar thousand megawatthours,1379.63993
10/14/22,all utility-scale solar thousand megawatthours,1716.92302
9/14/22,all utility-scale solar thousand megawatthours,1832.26056
8/14/22,all utility-scale solar thousand megawatthours,1879.48203
7/14/22,all utility-scale solar thousand megawatthours,1787.69886
6/14/22,all utility-scale solar thousand megawatthours,1923.32588
5/14/22,all utility-scale solar thousand megawatthours,1749.65461
4/14/22,all utility-scale solar thousand megawatthours,1487.09725
3/14/22,all utility-scale solar thousand megawatthours,1317.09371
2/14/22,all utility-scale solar thousand megawatthours,834.9922
1/14/22,all utility-scale solar thousand megawatthours,751.11873
12/13/22,all utility-scale solar thousand megawatthours,850.02134
11/13/22,all utility-scale solar thousand megawatthours,824.35218
10/13/22,all utility-scale solar thousand megawatthours,987.53341
9/13/22,all utility-scale solar thousand megawatthours,948.77866
8/13/22,all utility-scale solar thousand megawatthours,944.09174
7/13/22,all utility-scale solar thousand megawatthours,828.84727
6/13/22,all utility-scale solar thousand megawatthours,870.68502
5/13/22,all utility-scale solar thousand megawatthours,752.70649
4/13/22,all utility-scale solar thousand megawatthours,666.73879
3/13/22,all utility-scale solar thousand megawatthours,619.39901
2/13/22,all utility-scale solar thousand megawatthours,432.64262
1/13/22,all utility-scale solar thousand megawatthours,309.82386
12/12/22,all utility-scale solar thousand megawatthours,348.77212
11/12/22,all utility-scale solar thousand megawatthours,347.27595
10/12/22,all utility-scale solar thousand megawatthours,431.42698
9/12/22,all utility-scale solar thousand megawatthours,458.10265
8/12/22,all utility-scale solar thousand megawatthours,461.41088
7/12/22,all utility-scale solar thousand megawatthours,509.51028
6/12/22,all utility-scale solar thousand megawatthours,527.06764
5/12/22,all utility-scale solar thousand megawatthours,462.59684
4/12/22,all utility-scale solar thousand megawatthours,318.72331
3/12/22,all utility-scale solar thousand megawatthours,231.22839
2/12/22,all utility-scale solar thousand megawatthours,135.24034
1/12/22,all utility-scale solar thousand megawatthours,95.31986
12/11/22,all utility-scale solar thousand megawatthours,120.6536
11/11/22,all utility-scale solar thousand megawatthours,107.36985
10/11/22,all utility-scale solar thousand megawatthours,158.85995
9/11/22,all utility-scale solar thousand megawatthours,185.71984
8/11/22,all utility-scale solar thousand megawatthours,229.16273
7/11/22,all utility-scale solar thousand megawatthours,191.10153
6/11/22,all utility-scale solar thousand megawatthours,222.77309
5/11/22,all utility-scale solar thousand megawatthours,190.66911
4/11/22,all utility-scale solar thousand megawatthours,164.00623
3/11/22,all utility-scale solar thousand megawatthours,122.29961
2/11/22,all utility-scale solar thousand megawatthours,85.29854
1/11/22,all utility-scale solar thousand megawatthours,39.78157
12/10/22,all utility-scale solar thousand megawatthours,44.40122
11/10/22,all utility-scale solar thousand megawatthours,76.79539
10/10/22,all utility-scale solar thousand megawatthours,75.43584
9/10/22,all utility-scale solar thousand megawatthours,137.58114
8/10/22,all utility-scale solar thousand megawatthours,156.39274
7/10/22,all utility-scale solar thousand megawatthours,161.38151
6/10/22,all utility-scale solar thousand megawatthours,176.0529
5/10/22,all utility-scale solar thousand megawatthours,153.17199
4/10/22,all utility-scale solar thousand megawatthours,112.2794
3/10/22,all utility-scale solar thousand megawatthours,75.9992
2/10/22,all utility-scale solar thousand megawatthours,32.82389
1/10/22,all utility-scale solar thousand megawatthours,9.86635
12/9/22,all utility-scale solar thousand megawatthours,21.20887
11/9/22,all utility-scale solar thousand megawatthours,40.40246
10/9/22,all utility-scale solar thousand megawatthours,68.10109
9/9/22,all utility-scale solar thousand megawatthours,94.99416
8/9/22,all utility-scale solar thousand megawatthours,116.29051
7/9/22,all utility-scale solar thousand megawatthours,121.18827
6/9/22,all utility-scale solar thousand megawatthours,103.41256
5/9/22,all utility-scale solar thousand megawatthours,110.42463
4/9/22,all utility-scale solar thousand megawatthours,99.41608
3/9/22,all utility-scale solar thousand megawatthours,78.10689
2/9/22,all utility-scale solar thousand megawatthours,30.44374
1/9/22,all utility-scale solar thousand megawatthours,7.19014
12/8/22,all utility-scale solar thousand megawatthours,18.68738
11/8/22,all utility-scale solar thousand megawatthours,28.8477
10/8/22,all utility-scale solar thousand megawatthours,60.24348
9/8/22,all utility-scale solar thousand megawatthours,92.59686
8/8/22,all utility-scale solar thousand megawatthours,105.28212
7/8/22,all utility-scale solar thousand megawatthours,110.87812
6/8/22,all utility-scale solar thousand megawatthours,128.16363
5/8/22,all utility-scale solar thousand megawatthours,98.74413
4/8/22,all utility-scale solar thousand megawatthours,94.14084
3/8/22,all utility-scale solar thousand megawatthours,74.59967
2/8/22,all utility-scale solar thousand megawatthours,35.8416
1/8/22,all utility-scale solar thousand megawatthours,16.28927
12/7/22,all utility-scale solar thousand megawatthours,5.40157
11/7/22,all utility-scale solar thousand megawatthours,24.30171
10/7/22,all utility-scale solar thousand megawatthours,49.23269
9/7/22,all utility-scale solar thousand megawatthours,68.21225
8/7/22,all utility-scale solar thousand megawatthours,75.16342
7/7/22,all utility-scale solar thousand megawatthours,85.79293
6/7/22,all utility-scale solar thousand megawatthours,84.45828
5/7/22,all utility-scale solar thousand megawatthours,84.19176
4/7/22,all utility-scale solar thousand megawatthours,54.46434
3/7/22,all utility-scale solar thousand megawatthours,48.48795
2/7/22,all utility-scale solar thousand megawatthours,19.24445
1/7/22,all utility-scale solar thousand megawatthours,12.84165
12/6/22,all utility-scale solar thousand megawatthours,2.71328
11/6/22,all utility-scale solar thousand megawatthours,15.68648
10/6/22,all utility-scale solar thousand megawatthours,32.28346
9/6/22,all utility-scale solar thousand megawatthours,53.99022
8/6/22,all utility-scale solar thousand megawatthours,82.99316
7/6/22,all utility-scale solar thousand megawatthours,61.65591
6/6/22,all utility-scale solar thousand megawatthours,69.70207
5/6/22,all utility-scale solar thousand megawatthours,70.73512
4/6/22,all utility-scale solar thousand megawatthours,52.07432
3/6/22,all utility-scale solar thousand megawatthours,33.40385
2/6/22,all utility-scale solar thousand megawatthours,19.53284
1/6/22,all utility-scale solar thousand megawatthours,12.9353
12/5/22,all utility-scale solar thousand megawatthours,2.79342
11/5/22,all utility-scale solar thousand megawatthours,12.7552
10/5/22,all utility-scale solar thousand megawatthours,37.66515
9/5/22,all utility-scale solar thousand megawatthours,61.1077
8/5/22,all utility-scale solar thousand megawatthours,75.84548
7/5/22,all utility-scale solar thousand megawatthours,72.32901
6/5/22,all utility-scale solar thousand megawatthours,88.47625
5/5/22,all utility-scale solar thousand megawatthours,81.15271
4/5/22,all utility-scale solar thousand megawatthours,58.26325
3/5/22,all utility-scale solar thousand megawatthours,38.15709
2/5/22,all utility-scale solar thousand megawatthours,13.08154
1/5/22,all utility-scale solar thousand megawatthours,8.66754
12/4/22,all utility-scale solar thousand megawatthours,7.75776
11/4/22,all utility-scale solar thousand megawatthours,15.34157
10/4/22,all utility-scale solar thousand megawatthours,33.52109
9/4/22,all utility-scale solar thousand megawatthours,60.63169
8/4/22,all utility-scale solar thousand megawatthours,72.846
7/4/22,all utility-scale solar thousand megawatthours,82.10253
6/4/22,all utility-scale solar thousand megawatthours,87.876
5/4/22,all utility-scale solar thousand megawatthours,81.77573
4/4/22,all utility-scale solar thousand megawatthours,56.90189
3/4/22,all utility-scale solar thousand megawatthours,52.92945
2/4/22,all utility-scale solar thousand megawatthours,10.86173
1/4/22,all utility-scale solar thousand megawatthours,12.60957
12/3/22,all utility-scale solar thousand megawatthours,4.251
11/3/22,all utility-scale solar thousand megawatthours,14.031
10/3/22,all utility-scale solar thousand megawatthours,35.436
9/3/22,all utility-scale solar thousand megawatthours,55.857
8/3/22,all utility-scale solar thousand megawatthours,61.992
7/3/22,all utility-scale solar thousand megawatthours,62.407
6/3/22,all utility-scale solar thousand megawatthours,90.682
5/3/22,all utility-scale solar thousand megawatthours,67.962
4/3/22,all utility-scale solar thousand megawatthours,60.309
3/3/22,all utility-scale solar thousand megawatthours,50.02709
2/3/22,all utility-scale solar thousand megawatthours,17.83027
1/3/22,all utility-scale solar thousand megawatthours,13.21701
12/2/22,all utility-scale solar thousand megawatthours,4.307
11/2/22,all utility-scale solar thousand megawatthours,28.175
10/2/22,all utility-scale solar thousand megawatthours,30.956
9/2/22,all utility-scale solar thousand megawatthours,52.608
8/2/22,all utility-scale solar thousand megawatthours,74.925
7/2/22,all utility-scale solar thousand megawatthours,85.537
6/2/22,all utility-scale solar thousand megawatthours,95.543
5/2/22,all utility-scale solar thousand megawatthours,57.64
4/2/22,all utility-scale solar thousand megawatthours,45.858
3/2/22,all utility-scale solar thousand megawatthours,44.397
2/2/22,all utility-scale solar thousand megawatthours,23.565
1/2/22,all utility-scale solar thousand megawatthours,11.32
12/1/22,all utility-scale solar thousand megawatthours,4.036
11/1/22,all utility-scale solar thousand megawatthours,14.289
10/1/22,all utility-scale solar thousand megawatthours,20.813
9/1/22,all utility-scale solar thousand megawatthours,64.803
8/1/22,all utility-scale solar thousand megawatthours,85.299
7/1/22,all utility-scale solar thousand megawatthours,91.994
6/1/22,all utility-scale solar thousand megawatthours,91.143
5/1/22,all utility-scale solar thousand megawatthours,81.053
4/1/22,all utility-scale solar thousand megawatthours,38.759
3/1/22,all utility-scale solar thousand megawatthours,31.498
2/1/22,all utility-scale solar thousand megawatthours,12.568
1/1/22,all utility-scale solar thousand megawatthours,6.5
9/22/22,geothermal thousand megawatthours,1412.08405
8/22/22,geothermal thousand megawatthours,1442.28181
7/22/22,geothermal thousand megawatthours,1438.13038
6/22/22,geothermal thousand megawatthours,1365.37353
5/22/22,geothermal thousand megawatthours,1383.9602
4/22/22,geothermal thousand megawatthours,1332.82663
3/22/22,geothermal thousand megawatthours,1376.1118
2/22/22,geothermal thousand megawatthours,1310.36567
1/22/22,geothermal thousand megawatthours,1566.02685
12/21/22,geothermal thousand megawatthours,1484.38893
11/21/22,geothermal thousand megawatthours,1365.54138
10/21/22,geothermal thousand megawatthours,1318.78667
9/21/22,geothermal thousand megawatthours,1343.18057
8/21/22,geothermal thousand megawatthours,1336.9274
7/21/22,geothermal thousand megawatthours,1350.66167
6/21/22,geothermal thousand megawatthours,1277.26265
5/21/22,geothermal thousand megawatthours,1334.50728
4/21/22,geothermal thousand megawatthours,1287.7257
3/21/22,geothermal thousand megawatthours,1241.81021
2/21/22,geothermal thousand megawatthours,1287.22154
1/21/22,geothermal thousand megawatthours,1346.75302
12/20/22,geothermal thousand megawatthours,1402.81632
11/20/22,geothermal thousand megawatthours,1398.78914
10/20/22,geothermal thousand megawatthours,1287.56105
9/20/22,geothermal thousand megawatthours,1288.00469
8/20/22,geothermal thousand megawatthours,1323.0241
7/20/22,geothermal thousand megawatthours,1331.28691
6/20/22,geothermal thousand megawatthours,1274.12148
5/20/22,geothermal thousand megawatthours,1362.26852
4/20/22,geothermal thousand megawatthours,1378.9473
3/20/22,geothermal thousand megawatthours,1465.16841
2/20/22,geothermal thousand megawatthours,1230.17768
1/20/22,geothermal thousand megawatthours,1147.5314
12/19/22,geothermal thousand megawatthours,1182.89427
11/19/22,geothermal thousand megawatthours,983.53162
10/19/22,geothermal thousand megawatthours,1141.0516
9/19/22,geothermal thousand megawatthours,1367.61198
8/19/22,geothermal thousand megawatthours,1393.1524
7/19/22,geothermal thousand megawatthours,1375.35966
6/19/22,geothermal thousand megawatthours,1328.26327
5/19/22,geothermal thousand megawatthours,1341.83562
4/19/22,geothermal thousand megawatthours,1254.00337
3/19/22,geothermal thousand megawatthours,1422.49852
2/19/22,geothermal thousand megawatthours,1292.57815
1/19/22,geothermal thousand megawatthours,1389.93655
12/18/22,geothermal thousand megawatthours,1446.08137
11/18/22,geothermal thousand megawatthours,1330.84363
10/18/22,geothermal thousand megawatthours,1273.09029
9/18/22,geothermal thousand megawatthours,1327.90769
8/18/22,geothermal thousand megawatthours,1367.05504
7/18/22,geothermal thousand megawatthours,1369.6113
6/18/22,geothermal thousand megawatthours,1299.83478
5/18/22,geothermal thousand megawatthours,1382.62025
4/18/22,geothermal thousand megawatthours,1187.93664
3/18/22,geothermal thousand megawatthours,1366.75303
2/18/22,geothermal thousand megawatthours,1274.09258
1/18/22,geothermal thousand megawatthours,1341.30742
12/17/22,geothermal thousand megawatthours,1380.90954
11/17/22,geothermal thousand megawatthours,1304.68441
10/17/22,geothermal thousand megawatthours,1214.12407
9/17/22,geothermal thousand megawatthours,1331.50304
8/17/22,geothermal thousand megawatthours,1362.99613
7/17/22,geothermal thousand megawatthours,1372.704
6/17/22,geothermal thousand megawatthours,1283.74953
5/17/22,geothermal thousand megawatthours,1301.85842
4/17/22,geothermal thousand megawatthours,1341.22069
3/17/22,geothermal thousand megawatthours,1387.18475
2/17/22,geothermal thousand megawatthours,1238.87247
1/17/22,geothermal thousand megawatthours,1406.96716
12/16/22,geothermal thousand megawatthours,1453.88363
11/16/22,geothermal thousand megawatthours,1363.84969
10/16/22,geothermal thousand megawatthours,1353.16742
9/16/22,geothermal thousand megawatthours,1326.67585
8/16/22,geothermal thousand megawatthours,1324.26364
7/16/22,geothermal thousand megawatthours,1311.2153
6/16/22,geothermal thousand megawatthours,1251.39266
5/16/22,geothermal thousand megawatthours,1341.84042
4/16/22,geothermal thousand megawatthours,1208.96984
3/16/22,geothermal thousand megawatthours,1315.15866
2/16/22,geothermal thousand megawatthours,1243.38381
1/16/22,geothermal thousand megawatthours,1332.00609
12/15/22,geothermal thousand megawatthours,1376.98847
11/15/22,geothermal thousand megawatthours,1333.62825
10/15/22,geothermal thousand megawatthours,1323.03223
9/15/22,geothermal thousand megawatthours,1202.86145
8/15/22,geothermal thousand megawatthours,1344.14271
7/15/22,geothermal thousand megawatthours,1356.72712
6/15/22,geothermal thousand megawatthours,1301.60767
5/15/22,geothermal thousand megawatthours,1390.15094
4/15/22,geothermal thousand megawatthours,1272.42782
3/15/22,geothermal thousand megawatthours,1393.99435
2/15/22,geothermal thousand megawatthours,1260.09914
1/15/22,geothermal thousand megawatthours,1361.91486
12/14/22,geothermal thousand megawatthours,1374.99931
11/14/22,geothermal thousand megawatthours,1362.46919
10/14/22,geothermal thousand megawatthours,1345.09102
9/14/22,geothermal thousand megawatthours,1307.51933
8/14/22,geothermal thousand megawatthours,1329.20881
7/14/22,geothermal thousand megawatthours,1319.57192
6/14/22,geothermal thousand megawatthours,1293.37505
5/14/22,geothermal thousand megawatthours,1332.36081
4/14/22,geothermal thousand megawatthours,1313.53464
3/14/22,geothermal thousand megawatthours,1337.66565
2/14/22,geothermal thousand megawatthours,1206.12975
1/14/22,geothermal thousand megawatthours,1355.01553
12/13/22,geothermal thousand megawatthours,1365.61949
11/13/22,geothermal thousand megawatthours,1230.48105
10/13/22,geothermal thousand megawatthours,1363.49926
9/13/22,geothermal thousand megawatthours,1299.29966
8/13/22,geothermal thousand megawatthours,1322.43644
7/13/22,geothermal thousand megawatthours,1336.88222
6/13/22,geothermal thousand megawatthours,1278.25447
5/13/22,geothermal thousand megawatthours,1307.7114
4/13/22,geothermal thousand megawatthours,1274.15826
3/13/22,geothermal thousand megawatthours,1378.21628
2/13/22,geothermal thousand megawatthours,1236.23527
1/13/22,geothermal thousand megawatthours,1381.88028
12/12/22,geothermal thousand megawatthours,1390.24919
11/12/22,geothermal thousand megawatthours,1347.05171
10/12/22,geothermal thousand megawatthours,1329.1492
9/12/22,geothermal thousand megawatthours,1299.9828
8/12/22,geothermal thousand megawatthours,1303.83863
7/12/22,geothermal thousand megawatthours,1320.64784
6/12/22,geothermal thousand megawatthours,1277.48031
5/12/22,geothermal thousand megawatthours,1303.9955
4/12/22,geothermal thousand megawatthours,1248.29925
3/12/22,geothermal thousand megawatthours,1285.14948
2/12/22,geothermal thousand megawatthours,1193.3295
1/12/22,geothermal thousand megawatthours,1263.25221
12/11/22,geothermal thousand megawatthours,1324.39482
11/11/22,geothermal thousand megawatthours,1271.21847
10/11/22,geothermal thousand megawatthours,1280.62826
9/11/22,geothermal thousand megawatthours,1225.54721
8/11/22,geothermal thousand megawatthours,1274.63164
7/11/22,geothermal thousand megawatthours,1269.03963
6/11/22,geothermal thousand megawatthours,1214.56234
5/11/22,geothermal thousand megawatthours,1317.54765
4/11/22,geothermal thousand megawatthours,1239.06347
3/11/22,geothermal thousand megawatthours,1337.48421
2/11/22,geothermal thousand megawatthours,1215.00579
1/11/22,geothermal thousand megawatthours,1346.94451
12/10/22,geothermal thousand megawatthours,1329.8369
11/10/22,geothermal thousand megawatthours,1252.33032
10/10/22,geothermal thousand megawatthours,1221.9998
9/10/22,geothermal thousand megawatthours,1252.56923
8/10/22,geothermal thousand megawatthours,1296.91198
7/10/22,geothermal thousand megawatthours,1273.61621
6/10/22,geothermal thousand megawatthours,1263.67554
5/10/22,geothermal thousand megawatthours,1310.54838
4/10/22,geothermal thousand megawatthours,1240.25113
3/10/22,geothermal thousand megawatthours,1306.59619
2/10/22,geothermal thousand megawatthours,1159.03753
1/10/22,geothermal thousand megawatthours,1311.83993
12/9/22,geothermal thousand megawatthours,1367.90014
11/9/22,geothermal thousand megawatthours,1273.26451
10/9/22,geothermal thousand megawatthours,1221.07897
9/9/22,geothermal thousand megawatthours,1216.78258
8/9/22,geothermal thousand megawatthours,1251.21853
7/9/22,geothermal thousand megawatthours,1255.39976
6/9/22,geothermal thousand megawatthours,1208.79898
5/9/22,geothermal thousand megawatthours,1235.18623
4/9/22,geothermal thousand megawatthours,1222.10396
3/9/22,geothermal thousand megawatthours,1300.33544
2/9/22,geothermal thousand megawatthours,1167.77893
1/9/22,geothermal thousand megawatthours,1288.80999
12/8/22,geothermal thousand megawatthours,1261.01304
11/8/22,geothermal thousand megawatthours,1233.29176
10/8/22,geothermal thousand megawatthours,1276.85526
9/8/22,geothermal thousand megawatthours,1233.68699
8/8/22,geothermal thousand megawatthours,1272.71475
7/8/22,geothermal thousand megawatthours,1278.75428
6/8/22,geothermal thousand megawatthours,1260.30195
5/8/22,geothermal thousand megawatthours,1258.91536
4/8/22,geothermal thousand megawatthours,1218.1213
3/8/22,geothermal thousand megawatthours,1250.80095
2/8/22,geothermal thousand megawatthours,1086.68291
1/8/22,geothermal thousand megawatthours,1208.83801
12/7/22,geothermal thousand megawatthours,1265.90932
11/7/22,geothermal thousand megawatthours,1210.97304
10/7/22,geothermal thousand megawatthours,1264.54625
9/7/22,geothermal thousand megawatthours,1217.72635
8/7/22,geothermal thousand megawatthours,1254.57757
7/7/22,geothermal thousand megawatthours,1250.38243
6/7/22,geothermal thousand megawatthours,1238.17806
5/7/22,geothermal thousand megawatthours,1154.70788
4/7/22,geothermal thousand megawatthours,1157.97515
3/7/22,geothermal thousand megawatthours,1204.12967
2/7/22,geothermal thousand megawatthours,1122.48999
1/7/22,geothermal thousand megawatthours,1295.61731
12/6/22,geothermal thousand megawatthours,1290.05196
11/6/22,geothermal thousand megawatthours,1207.43844
10/6/22,geothermal thousand megawatthours,1275.22675
9/6/22,geothermal thousand megawatthours,1219.45836
8/6/22,geothermal thousand megawatthours,1288.95901
7/6/22,geothermal thousand megawatthours,1261.35243
6/6/22,geothermal thousand megawatthours,1199.17681
5/6/22,geothermal thousand megawatthours,1095.60204
4/6/22,geothermal thousand megawatthours,1129.0892
3/6/22,geothermal thousand megawatthours,1261.29007
2/6/22,geothermal thousand megawatthours,1110.81709
1/6/22,geothermal thousand megawatthours,1229.56684
12/5/22,geothermal thousand megawatthours,1256.87987
11/5/22,geothermal thousand megawatthours,1219.61037
10/5/22,geothermal thousand megawatthours,1247.2035
9/5/22,geothermal thousand megawatthours,1222.65936
8/5/22,geothermal thousand megawatthours,1253.78501
7/5/22,geothermal thousand megawatthours,1272.69735
6/5/22,geothermal thousand megawatthours,1248.05606
5/5/22,geothermal thousand megawatthours,1264.30849
4/5/22,geothermal thousand megawatthours,1187.13448
3/5/22,geothermal thousand megawatthours,1204.25234
2/5/22,geothermal thousand megawatthours,1063.01417
1/5/22,geothermal thousand megawatthours,1252.14421
12/4/22,geothermal thousand megawatthours,1256.00857
11/4/22,geothermal thousand megawatthours,1212.01288
10/4/22,geothermal thousand megawatthours,1276.3491
9/4/22,geothermal thousand megawatthours,1188.38333
8/4/22,geothermal thousand megawatthours,1257.16271
7/4/22,geothermal thousand megawatthours,1277.53072
6/4/22,geothermal thousand megawatthours,1224.70242
5/4/22,geothermal thousand megawatthours,1207.53632
4/4/22,geothermal thousand megawatthours,1161.38416
3/4/22,geothermal thousand megawatthours,1241.00414
2/4/22,geothermal thousand megawatthours,1214.12345
1/4/22,geothermal thousand megawatthours,1294.77675
12/3/22,geothermal thousand megawatthours,1267.837
11/3/22,geothermal thousand megawatthours,1151.237
10/3/22,geothermal thousand megawatthours,1195.451
9/3/22,geothermal thousand megawatthours,1203.498
8/3/22,geothermal thousand megawatthours,1219.447
7/3/22,geothermal thousand megawatthours,1227.969
6/3/22,geothermal thousand megawatthours,1222.791
5/3/22,geothermal thousand megawatthours,1168.695
4/3/22,geothermal thousand megawatthours,1166.455
3/3/22,geothermal thousand megawatthours,1212.859
2/3/22,geothermal thousand megawatthours,1130.352
1/3/22,geothermal thousand megawatthours,1257.64
12/2/22,geothermal thousand megawatthours,1236.391
11/2/22,geothermal thousand megawatthours,1189.364
10/2/22,geothermal thousand megawatthours,1235.076
9/2/22,geothermal thousand megawatthours,1195.081
8/2/22,geothermal thousand megawatthours,1227.097
7/2/22,geothermal thousand megawatthours,1262.246
6/2/22,geothermal thousand megawatthours,1150.799
5/2/22,geothermal thousand megawatthours,1215.874
4/2/22,geothermal thousand megawatthours,1114.735
3/2/22,geothermal thousand megawatthours,1244.968
2/2/22,geothermal thousand megawatthours,1132.195
1/2/22,geothermal thousand megawatthours,1287.483
12/1/22,geothermal thousand megawatthours,1190.232
11/1/22,geothermal thousand megawatthours,1157.17
10/1/22,geothermal thousand megawatthours,1161.727
9/1/22,geothermal thousand megawatthours,1139.01
8/1/22,geothermal thousand megawatthours,1167.238
7/1/22,geothermal thousand megawatthours,1178.533
6/1/22,geothermal thousand megawatthours,1087.828
5/1/22,geothermal thousand megawatthours,1071.38
4/1/22,geothermal thousand megawatthours,1094.991
3/1/22,geothermal thousand megawatthours,1190.023
2/1/22,geothermal thousand megawatthours,1073.044
1/1/22,geothermal thousand megawatthours,1229.325
9/22/22,wood and wood-derived fuels thousand megawatthours,2891.53236
8/22/22,wood and wood-derived fuels thousand megawatthours,3355.69314
7/22/22,wood and wood-derived fuels thousand megawatthours,3482.55283
6/22/22,wood and wood-derived fuels thousand megawatthours,3243.64384
5/22/22,wood and wood-derived fuels thousand megawatthours,3051.99798
4/22/22,wood and wood-derived fuels thousand megawatthours,2730.83634
3/22/22,wood and wood-derived fuels thousand megawatthours,3012.14273
2/22/22,wood and wood-derived fuels thousand megawatthours,2980.9401
1/22/22,wood and wood-derived fuels thousand megawatthours,3089.11811
12/21/22,wood and wood-derived fuels thousand megawatthours,3133.58848
11/21/22,wood and wood-derived fuels thousand megawatthours,2890.03537
10/21/22,wood and wood-derived fuels thousand megawatthours,2835.16419
9/21/22,wood and wood-derived fuels thousand megawatthours,3005.47035
8/21/22,wood and wood-derived fuels thousand megawatthours,3314.67231
7/21/22,wood and wood-derived fuels thousand megawatthours,3248.11556
6/21/22,wood and wood-derived fuels thousand megawatthours,3087.72548
5/21/22,wood and wood-derived fuels thousand megawatthours,2966.3967
4/21/22,wood and wood-derived fuels thousand megawatthours,2784.98826
3/21/22,wood and wood-derived fuels thousand megawatthours,3108.43261
2/21/22,wood and wood-derived fuels thousand megawatthours,2859.18182
1/21/22,wood and wood-derived fuels thousand megawatthours,3228.9015
12/20/22,wood and wood-derived fuels thousand megawatthours,3148.15711
11/20/22,wood and wood-derived fuels thousand megawatthours,2951.33396
10/20/22,wood and wood-derived fuels thousand megawatthours,2840.22226
9/20/22,wood and wood-derived fuels thousand megawatthours,2895.42614
8/20/22,wood and wood-derived fuels thousand megawatthours,3159.94069
7/20/22,wood and wood-derived fuels thousand megawatthours,3022.17972
6/20/22,wood and wood-derived fuels thousand megawatthours,2822.90766
5/20/22,wood and wood-derived fuels thousand megawatthours,2918.80247
4/20/22,wood and wood-derived fuels thousand megawatthours,2843.80127
3/20/22,wood and wood-derived fuels thousand megawatthours,3170.13766
2/20/22,wood and wood-derived fuels thousand megawatthours,3119.95305
1/20/22,wood and wood-derived fuels thousand megawatthours,3326.08096
12/19/22,wood and wood-derived fuels thousand megawatthours,3355.04425
11/19/22,wood and wood-derived fuels thousand megawatthours,3136.84318
10/19/22,wood and wood-derived fuels thousand megawatthours,3062.93881
9/19/22,wood and wood-derived fuels thousand megawatthours,3210.84468
8/19/22,wood and wood-derived fuels thousand megawatthours,3538.62048
7/19/22,wood and wood-derived fuels thousand megawatthours,3498.40912
6/19/22,wood and wood-derived fuels thousand megawatthours,3158.71323
5/19/22,wood and wood-derived fuels thousand megawatthours,3050.61864
4/19/22,wood and wood-derived fuels thousand megawatthours,2807.17521
3/19/22,wood and wood-derived fuels thousand megawatthours,3216.63766
2/19/22,wood and wood-derived fuels thousand megawatthours,3042.25273
1/19/22,wood and wood-derived fuels thousand megawatthours,3465.28412
12/18/22,wood and wood-derived fuels thousand megawatthours,3404.05372
11/18/22,wood and wood-derived fuels thousand megawatthours,3263.57095
10/18/22,wood and wood-derived fuels thousand megawatthours,3215.94376
9/18/22,wood and wood-derived fuels thousand megawatthours,3280.61644
8/18/22,wood and wood-derived fuels thousand megawatthours,3629.80164
7/18/22,wood and wood-derived fuels thousand megawatthours,3749.45617
6/18/22,wood and wood-derived fuels thousand megawatthours,3470.74859
5/18/22,wood and wood-derived fuels thousand megawatthours,3351.71509
4/18/22,wood and wood-derived fuels thousand megawatthours,3101.86989
3/18/22,wood and wood-derived fuels thousand megawatthours,3547.44236
2/18/22,wood and wood-derived fuels thousand megawatthours,3234.95066
1/18/22,wood and wood-derived fuels thousand megawatthours,3685.98967
12/17/22,wood and wood-derived fuels thousand megawatthours,3733.61332
11/17/22,wood and wood-derived fuels thousand megawatthours,3426.08503
10/17/22,wood and wood-derived fuels thousand megawatthours,3303.26294
9/17/22,wood and wood-derived fuels thousand megawatthours,3291.75095
8/17/22,wood and wood-derived fuels thousand megawatthours,3750.56837
7/17/22,wood and wood-derived fuels thousand megawatthours,3702.89598
6/17/22,wood and wood-derived fuels thousand megawatthours,3437.01072
5/17/22,wood and wood-derived fuels thousand megawatthours,3188.45369
4/17/22,wood and wood-derived fuels thousand megawatthours,3146.37597
3/17/22,wood and wood-derived fuels thousand megawatthours,3455.80207
2/17/22,wood and wood-derived fuels thousand megawatthours,3185.52143
1/17/22,wood and wood-derived fuels thousand megawatthours,3502.17798
12/16/22,wood and wood-derived fuels thousand megawatthours,3615.44862
11/16/22,wood and wood-derived fuels thousand megawatthours,3391.22211
10/16/22,wood and wood-derived fuels thousand megawatthours,3176.08278
9/16/22,wood and wood-derived fuels thousand megawatthours,3407.35783
8/16/22,wood and wood-derived fuels thousand megawatthours,3722.23578
7/16/22,wood and wood-derived fuels thousand megawatthours,3657.69796
6/16/22,wood and wood-derived fuels thousand megawatthours,3413.56266
5/16/22,wood and wood-derived fuels thousand megawatthours,3187.12753
4/16/22,wood and wood-derived fuels thousand megawatthours,2967.00477
3/16/22,wood and wood-derived fuels thousand megawatthours,3402.83315
2/16/22,wood and wood-derived fuels thousand megawatthours,3406.39038
1/16/22,wood and wood-derived fuels thousand megawatthours,3600.26359
12/15/22,wood and wood-derived fuels thousand megawatthours,3587.39081
11/15/22,wood and wood-derived fuels thousand megawatthours,3417.87318
10/15/22,wood and wood-derived fuels thousand megawatthours,3252.21575
9/15/22,wood and wood-derived fuels thousand megawatthours,3450.34084
8/15/22,wood and wood-derived fuels thousand megawatthours,3788.24122
7/15/22,wood and wood-derived fuels thousand megawatthours,3806.47852
6/15/22,wood and wood-derived fuels thousand megawatthours,3496.10312
5/15/22,wood and wood-derived fuels thousand megawatthours,3337.80784
4/15/22,wood and wood-derived fuels thousand megawatthours,3246.40512
3/15/22,wood and wood-derived fuels thousand megawatthours,3456.8391
2/15/22,wood and wood-derived fuels thousand megawatthours,3371.94187
1/15/22,wood and wood-derived fuels thousand megawatthours,3716.86817
12/14/22,wood and wood-derived fuels thousand megawatthours,3736.56465
11/14/22,wood and wood-derived fuels thousand megawatthours,3507.91896
10/14/22,wood and wood-derived fuels thousand megawatthours,3422.22924
9/14/22,wood and wood-derived fuels thousand megawatthours,3462.22556
8/14/22,wood and wood-derived fuels thousand megawatthours,3761.24103
7/14/22,wood and wood-derived fuels thousand megawatthours,3807.42376
6/14/22,wood and wood-derived fuels thousand megawatthours,3622.27121
5/14/22,wood and wood-derived fuels thousand megawatthours,3289.75941
4/14/22,wood and wood-derived fuels thousand megawatthours,3230.04629
3/14/22,wood and wood-derived fuels thousand megawatthours,3609.0941
2/14/22,wood and wood-derived fuels thousand megawatthours,3264.60283
1/14/22,wood and wood-derived fuels thousand megawatthours,3626.34817
12/13/22,wood and wood-derived fuels thousand megawatthours,3606.08465
11/13/22,wood and wood-derived fuels thousand megawatthours,3407.00532
10/13/22,wood and wood-derived fuels thousand megawatthours,3340.97487
9/13/22,wood and wood-derived fuels thousand megawatthours,3353.38915
8/13/22,wood and wood-derived fuels thousand megawatthours,3634.03354
7/13/22,wood and wood-derived fuels thousand megawatthours,3536.19697
6/13/22,wood and wood-derived fuels thousand megawatthours,3330.23073
5/13/22,wood and wood-derived fuels thousand megawatthours,3173.93377
4/13/22,wood and wood-derived fuels thousand megawatthours,2863.13892
3/13/22,wood and wood-derived fuels thousand megawatthours,3299.77208
2/13/22,wood and wood-derived fuels thousand megawatthours,3083.02823
1/13/22,wood and wood-derived fuels thousand megawatthours,3399.74873
12/12/22,wood and wood-derived fuels thousand megawatthours,3364.82689
11/12/22,wood and wood-derived fuels thousand megawatthours,3190.29969
10/12/22,wood and wood-derived fuels thousand megawatthours,3112.87857
9/12/22,wood and wood-derived fuels thousand megawatthours,3227.46567
8/12/22,wood and wood-derived fuels thousand megawatthours,3370.2786
7/12/22,wood and wood-derived fuels thousand megawatthours,3351.84698
6/12/22,wood and wood-derived fuels thousand megawatthours,3081.18859
5/12/22,wood and wood-derived fuels thousand megawatthours,2937.31562
4/12/22,wood and wood-derived fuels thousand megawatthours,2703.90679
3/12/22,wood and wood-derived fuels thousand megawatthours,3033.9848
2/12/22,wood and wood-derived fuels thousand megawatthours,3111.4547
1/12/22,wood and wood-derived fuels thousand megawatthours,3313.68219
12/11/22,wood and wood-derived fuels thousand megawatthours,3353.24295
11/11/22,wood and wood-derived fuels thousand megawatthours,3087.88791
10/11/22,wood and wood-derived fuels thousand megawatthours,2953.91094
9/11/22,wood and wood-derived fuels thousand megawatthours,3178.46402
8/11/22,wood and wood-derived fuels thousand megawatthours,3383.75594
7/11/22,wood and wood-derived fuels thousand megawatthours,3361.93444
6/11/22,wood and wood-derived fuels thousand megawatthours,3230.06149
5/11/22,wood and wood-derived fuels thousand megawatthours,2794.34203
4/11/22,wood and wood-derived fuels thousand megawatthours,2797.96143
3/11/22,wood and wood-derived fuels thousand megawatthours,3080.55062
2/11/22,wood and wood-derived fuels thousand megawatthours,2937.02878
1/11/22,wood and wood-derived fuels thousand megawatthours,3289.92624
12/10/22,wood and wood-derived fuels thousand megawatthours,3275.45996
11/10/22,wood and wood-derived fuels thousand megawatthours,3080.20459
10/10/22,wood and wood-derived fuels thousand megawatthours,3002.77009
9/10/22,wood and wood-derived fuels thousand megawatthours,3157.07055
8/10/22,wood and wood-derived fuels thousand megawatthours,3318.72602
7/10/22,wood and wood-derived fuels thousand megawatthours,3308.17437
6/10/22,wood and wood-derived fuels thousand megawatthours,3093.70551
5/10/22,wood and wood-derived fuels thousand megawatthours,2892.94844
4/10/22,wood and wood-derived fuels thousand megawatthours,2932.09503
3/10/22,wood and wood-derived fuels thousand megawatthours,3090.27767
2/10/22,wood and wood-derived fuels thousand megawatthours,2894.56439
1/10/22,wood and wood-derived fuels thousand megawatthours,3126.16305
12/9/22,wood and wood-derived fuels thousand megawatthours,3157.81799
11/9/22,wood and wood-derived fuels thousand megawatthours,3048.91116
10/9/22,wood and wood-derived fuels thousand megawatthours,3032.08616
9/9/22,wood and wood-derived fuels thousand megawatthours,3060.66653
8/9/22,wood and wood-derived fuels thousand megawatthours,3355.13523
7/9/22,wood and wood-derived fuels thousand megawatthours,3227.11799
6/9/22,wood and wood-derived fuels thousand megawatthours,2997.45172
5/9/22,wood and wood-derived fuels thousand megawatthours,2734.67679
4/9/22,wood and wood-derived fuels thousand megawatthours,2664.37142
3/9/22,wood and wood-derived fuels thousand megawatthours,2918.93479
2/9/22,wood and wood-derived fuels thousand megawatthours,2822.82744
1/9/22,wood and wood-derived fuels thousand megawatthours,3030.14106
12/8/22,wood and wood-derived fuels thousand megawatthours,2988.13125
11/8/22,wood and wood-derived fuels thousand megawatthours,3077.3951
10/8/22,wood and wood-derived fuels thousand megawatthours,3063.95253
9/8/22,wood and wood-derived fuels thousand megawatthours,3059.17108
8/8/22,wood and wood-derived fuels thousand megawatthours,3342.44952
7/8/22,wood and wood-derived fuels thousand megawatthours,3326.75191
6/8/22,wood and wood-derived fuels thousand megawatthours,3114.10554
5/8/22,wood and wood-derived fuels thousand megawatthours,2926.97762
4/8/22,wood and wood-derived fuels thousand megawatthours,2929.93775
3/8/22,wood and wood-derived fuels thousand megawatthours,3123.21608
2/8/22,wood and wood-derived fuels thousand megawatthours,3010.02584
1/8/22,wood and wood-derived fuels thousand megawatthours,3337.73883
12/7/22,wood and wood-derived fuels thousand megawatthours,3339.03718
11/7/22,wood and wood-derived fuels thousand megawatthours,3273.31802
10/7/22,wood and wood-derived fuels thousand megawatthours,3245.60059
9/7/22,wood and wood-derived fuels thousand megawatthours,3289.76167
8/7/22,wood and wood-derived fuels thousand megawatthours,3426.03512
7/7/22,wood and wood-derived fuels thousand megawatthours,3433.63521
6/7/22,wood and wood-derived fuels thousand megawatthours,3213.44072
5/7/22,wood and wood-derived fuels thousand megawatthours,3081.02653
4/7/22,wood and wood-derived fuels thousand megawatthours,3055.23878
3/7/22,wood and wood-derived fuels thousand megawatthours,3105.69542
2/7/22,wood and wood-derived fuels thousand megawatthours,3015.12684
1/7/22,wood and wood-derived fuels thousand megawatthours,3536.10795
12/6/22,wood and wood-derived fuels thousand megawatthours,3357.66128
11/6/22,wood and wood-derived fuels thousand megawatthours,3181.93091
10/6/22,wood and wood-derived fuels thousand megawatthours,3212.56903
9/6/22,wood and wood-derived fuels thousand megawatthours,3260.16943
8/6/22,wood and wood-derived fuels thousand megawatthours,3477.91332
7/6/22,wood and wood-derived fuels thousand megawatthours,3444.30914
6/6/22,wood and wood-derived fuels thousand megawatthours,3133.7702
5/6/22,wood and wood-derived fuels thousand megawatthours,3039.29585
4/6/22,wood and wood-derived fuels thousand megawatthours,2980.11613
3/6/22,wood and wood-derived fuels thousand megawatthours,3201.38797
2/6/22,wood and wood-derived fuels thousand megawatthours,3051.35954
1/6/22,wood and wood-derived fuels thousand megawatthours,3421.61326
12/5/22,wood and wood-derived fuels thousand megawatthours,3338.47745
11/5/22,wood and wood-derived fuels thousand megawatthours,3189.8503
10/5/22,wood and wood-derived fuels thousand megawatthours,3245.60966
9/5/22,wood and wood-derived fuels thousand megawatthours,3258.783
8/5/22,wood and wood-derived fuels thousand megawatthours,3420.41437
7/5/22,wood and wood-derived fuels thousand megawatthours,3417.44487
6/5/22,wood and wood-derived fuels thousand megawatthours,3173.50483
5/5/22,wood and wood-derived fuels thousand megawatthours,3100.69679
4/5/22,wood and wood-derived fuels thousand megawatthours,3035.54666
3/5/22,wood and wood-derived fuels thousand megawatthours,3287.71741
2/5/22,wood and wood-derived fuels thousand megawatthours,3055.29504
1/5/22,wood and wood-derived fuels thousand megawatthours,3333.07625
12/4/22,wood and wood-derived fuels thousand megawatthours,3301.61455
11/4/22,wood and wood-derived fuels thousand megawatthours,3074.16534
10/4/22,wood and wood-derived fuels thousand megawatthours,3263.62313
9/4/22,wood and wood-derived fuels thousand megawatthours,3119.41557
8/4/22,wood and wood-derived fuels thousand megawatthours,3317.35079
7/4/22,wood and wood-derived fuels thousand megawatthours,3416.47224
6/4/22,wood and wood-derived fuels thousand megawatthours,3082.52886
5/4/22,wood and wood-derived fuels thousand megawatthours,2989.1925
4/4/22,wood and wood-derived fuels thousand megawatthours,3091.00435
3/4/22,wood and wood-derived fuels thousand megawatthours,3124.11746
2/4/22,wood and wood-derived fuels thousand megawatthours,3019.53798
1/4/22,wood and wood-derived fuels thousand megawatthours,3317.86061
12/3/22,wood and wood-derived fuels thousand megawatthours,3274.77
11/3/22,wood and wood-derived fuels thousand megawatthours,3118.975
10/3/22,wood and wood-derived fuels thousand megawatthours,3138.891
9/3/22,wood and wood-derived fuels thousand megawatthours,3079.38
8/3/22,wood and wood-derived fuels thousand megawatthours,3309.866
7/3/22,wood and wood-derived fuels thousand megawatthours,3361.136
6/3/22,wood and wood-derived fuels thousand megawatthours,3027.763
5/3/22,wood and wood-derived fuels thousand megawatthours,2928.286
4/3/22,wood and wood-derived fuels thousand megawatthours,3035.915
3/3/22,wood and wood-derived fuels thousand megawatthours,3080.074
2/3/22,wood and wood-derived fuels thousand megawatthours,2904.744
1/3/22,wood and wood-derived fuels thousand megawatthours,3269.296
12/2/22,wood and wood-derived fuels thousand megawatthours,3222.474
11/2/22,wood and wood-derived fuels thousand megawatthours,3161.172
10/2/22,wood and wood-derived fuels thousand megawatthours,3345.97
9/2/22,wood and wood-derived fuels thousand megawatthours,3312.99
8/2/22,wood and wood-derived fuels thousand megawatthours,3369.114
7/2/22,wood and wood-derived fuels thousand megawatthours,3440.225
6/2/22,wood and wood-derived fuels thousand megawatthours,3395.49
5/2/22,wood and wood-derived fuels thousand megawatthours,3161.187
4/2/22,wood and wood-derived fuels thousand megawatthours,3196.347
3/2/22,wood and wood-derived fuels thousand megawatthours,2960.789
2/2/22,wood and wood-derived fuels thousand megawatthours,2843.96
1/2/22,wood and wood-derived fuels thousand megawatthours,3255.322
12/1/22,wood and wood-derived fuels thousand megawatthours,2975.426
11/1/22,wood and wood-derived fuels thousand megawatthours,2879.107
10/1/22,wood and wood-derived fuels thousand megawatthours,3046.466
9/1/22,wood and wood-derived fuels thousand megawatthours,2874.169
8/1/22,wood and wood-derived fuels thousand megawatthours,3178.69
7/1/22,wood and wood-derived fuels thousand megawatthours,3053.179
6/1/22,wood and wood-derived fuels thousand megawatthours,2891.025
5/1/22,wood and wood-derived fuels thousand megawatthours,2739.933
4/1/22,wood and wood-derived fuels thousand megawatthours,2821.007
3/1/22,wood and wood-derived fuels thousand megawatthours,2852.54
2/1/22,wood and wood-derived fuels thousand megawatthours,2697.151
1/1/22,wood and wood-derived fuels thousand megawatthours,3191.212
9/22/22,other biomass thousand megawatthours,1346.77124
8/22/22,other biomass thousand megawatthours,1427.2501
7/22/22,other biomass thousand megawatthours,1469.76733
6/22/22,other biomass thousand megawatthours,1441.87192
5/22/22,other biomass thousand megawatthours,1441.93385
4/22/22,other biomass thousand megawatthours,1377.17139
3/22/22,other biomass thousand megawatthours,1434.00344
2/22/22,other biomass thousand megawatthours,1319.65864
1/22/22,other biomass thousand megawatthours,1469.01579
12/21/22,other biomass thousand megawatthours,1536.48361
11/21/22,other biomass thousand megawatthours,1393.14407
10/21/22,other biomass thousand megawatthours,1439.96957
9/21/22,other biomass thousand megawatthours,1436.60496
8/21/22,other biomass thousand megawatthours,1469.54015
7/21/22,other biomass thousand megawatthours,1496.88248
6/21/22,other biomass thousand megawatthours,1469.59516
5/21/22,other biomass thousand megawatthours,1514.15406
4/21/22,other biomass thousand megawatthours,1465.49691
3/21/22,other biomass thousand megawatthours,1573.80684
2/21/22,other biomass thousand megawatthours,1398.92026
1/21/22,other biomass thousand megawatthours,1594.95493
12/20/22,other biomass thousand megawatthours,1549.4343
11/20/22,other biomass thousand megawatthours,1452.6464
10/20/22,other biomass thousand megawatthours,1489.00247
9/20/22,other biomass thousand megawatthours,1482.87931
8/20/22,other biomass thousand megawatthours,1560.81045
7/20/22,other biomass thousand megawatthours,1541.45262
6/20/22,other biomass thousand megawatthours,1456.39568
5/20/22,other biomass thousand megawatthours,1589.5221
4/20/22,other biomass thousand megawatthours,1557.60141
3/20/22,other biomass thousand megawatthours,1646.5395
2/20/22,other biomass thousand megawatthours,1512.22062
1/20/22,other biomass thousand megawatthours,1654.16861
12/19/22,other biomass thousand megawatthours,1633.25639
11/19/22,other biomass thousand megawatthours,1525.45699
10/19/22,other biomass thousand megawatthours,1573.39376
9/19/22,other biomass thousand megawatthours,1529.59672
8/19/22,other biomass thousand megawatthours,1635.71719
7/19/22,other biomass thousand megawatthours,1616.88137
6/19/22,other biomass thousand megawatthours,1581.34192
5/19/22,other biomass thousand megawatthours,1563.80557
4/19/22,other biomass thousand megawatthours,1509.56995
3/19/22,other biomass thousand megawatthours,1624.59337
2/19/22,other biomass thousand megawatthours,1497.71004
1/19/22,other biomass thousand megawatthours,1672.24787
12/18/22,other biomass thousand megawatthours,1799.2865
11/18/22,other biomass thousand megawatthours,1724.29467
10/18/22,other biomass thousand megawatthours,1743.38631
9/18/22,other biomass thousand megawatthours,1589.55751
8/18/22,other biomass thousand megawatthours,1757.51914
7/18/22,other biomass thousand megawatthours,1750.03112
6/18/22,other biomass thousand megawatthours,1719.99503
5/18/22,other biomass thousand megawatthours,1731.56179
4/18/22,other biomass thousand megawatthours,1725.69768
3/18/22,other biomass thousand megawatthours,1821.76353
2/18/22,other biomass thousand megawatthours,1716.06421
1/18/22,other biomass thousand megawatthours,1816.60719
12/17/22,other biomass thousand megawatthours,1895.89813
11/17/22,other biomass thousand megawatthours,1804.84134
10/17/22,other biomass thousand megawatthours,1727.85298
9/17/22,other biomass thousand megawatthours,1702.54554
8/17/22,other biomass thousand megawatthours,1824.89132
7/17/22,other biomass thousand megawatthours,1823.77942
6/17/22,other biomass thousand megawatthours,1796.52027
5/17/22,other biomass thousand megawatthours,1849.79647
4/17/22,other biomass thousand megawatthours,1741.68992
3/17/22,other biomass thousand megawatthours,1847.56888
2/17/22,other biomass thousand megawatthours,1697.11833
1/17/22,other biomass thousand megawatthours,1897.39109
12/16/22,other biomass thousand megawatthours,1944.49218
11/16/22,other biomass thousand megawatthours,1891.24862
10/16/22,other biomass thousand megawatthours,1693.10388
9/16/22,other biomass thousand megawatthours,1756.63635
8/16/22,other biomass thousand megawatthours,1860.30939
7/16/22,other biomass thousand megawatthours,1840.40814
6/16/22,other biomass thousand megawatthours,1794.4663
5/16/22,other biomass thousand megawatthours,1909.01094
4/16/22,other biomass thousand megawatthours,1811.48461
3/16/22,other biomass thousand megawatthours,1809.21776
2/16/22,other biomass thousand megawatthours,1708.30281
1/16/22,other biomass thousand megawatthours,1794.54991
12/15/22,other biomass thousand megawatthours,1969.25568
11/15/22,other biomass thousand megawatthours,1901.94337
10/15/22,other biomass thousand megawatthours,1843.15554
9/15/22,other biomass thousand megawatthours,1805.48749
8/15/22,other biomass thousand megawatthours,1921.42752
7/15/22,other biomass thousand megawatthours,1988.77809
6/15/22,other biomass thousand megawatthours,1784.07775
5/15/22,other biomass thousand megawatthours,1798.75605
4/15/22,other biomass thousand megawatthours,1729.2561
3/15/22,other biomass thousand megawatthours,1712.28837
2/15/22,other biomass thousand megawatthours,1524.17597
1/15/22,other biomass thousand megawatthours,1724.76993
12/14/22,other biomass thousand megawatthours,1766.90078
11/14/22,other biomass thousand megawatthours,1690.51816
10/14/22,other biomass thousand megawatthours,1726.27612
9/14/22,other biomass thousand megawatthours,1771.58349
8/14/22,other biomass thousand megawatthours,1880.35618
7/14/22,other biomass thousand megawatthours,1942.0977
6/14/22,other biomass thousand megawatthours,1826.34003
5/14/22,other biomass thousand megawatthours,1849.16406
4/14/22,other biomass thousand megawatthours,1809.57834
3/14/22,other biomass thousand megawatthours,1850.94216
2/14/22,other biomass thousand megawatthours,1686.43837
1/14/22,other biomass thousand megawatthours,1849.52337
12/13/22,other biomass thousand megawatthours,1837.09849
11/13/22,other biomass thousand megawatthours,1765.3696
10/13/22,other biomass thousand megawatthours,1730.51712
9/13/22,other biomass thousand megawatthours,1715.76756
8/13/22,other biomass thousand megawatthours,1847.4604
7/13/22,other biomass thousand megawatthours,1797.26641
6/13/22,other biomass thousand megawatthours,1726.95786
5/13/22,other biomass thousand megawatthours,1781.20351
4/13/22,other biomass thousand megawatthours,1680.53771
3/13/22,other biomass thousand megawatthours,1757.14745
2/13/22,other biomass thousand megawatthours,1502.89015
1/13/22,other biomass thousand megawatthours,1688.27329
12/12/22,other biomass thousand megawatthours,1773.30826
11/12/22,other biomass thousand megawatthours,1684.00767
10/12/22,other biomass thousand megawatthours,1715.82071
9/12/22,other biomass thousand megawatthours,1626.08947
8/12/22,other biomass thousand megawatthours,1725.54733
7/12/22,other biomass thousand megawatthours,1721.22477
6/12/22,other biomass thousand megawatthours,1611.52982
5/12/22,other biomass thousand megawatthours,1653.68301
4/12/22,other biomass thousand megawatthours,1583.23404
3/12/22,other biomass thousand megawatthours,1623.46655
2/12/22,other biomass thousand megawatthours,1503.97599
1/12/22,other biomass thousand megawatthours,1601.14902
12/11/22,other biomass thousand megawatthours,1731.24885
11/11/22,other biomass thousand megawatthours,1684.40199
10/11/22,other biomass thousand megawatthours,1630.96988
9/11/22,other biomass thousand megawatthours,1589.08752
8/11/22,other biomass thousand megawatthours,1692.39314
7/11/22,other biomass thousand megawatthours,1689.74039
6/11/22,other biomass thousand megawatthours,1631.6573
5/11/22,other biomass thousand megawatthours,1563.17921
4/11/22,other biomass thousand megawatthours,1502.5435
3/11/22,other biomass thousand megawatthours,1565.03132
2/11/22,other biomass thousand megawatthours,1426.67176
1/11/22,other biomass thousand megawatthours,1514.83835
12/10/22,other biomass thousand megawatthours,1649.63888
11/10/22,other biomass thousand megawatthours,1625.33814
10/10/22,other biomass thousand megawatthours,1547.06346
9/10/22,other biomass thousand megawatthours,1574.68735
8/10/22,other biomass thousand megawatthours,1642.19083
7/10/22,other biomass thousand megawatthours,1640.07324
6/10/22,other biomass thousand megawatthours,1626.76494
5/10/22,other biomass thousand megawatthours,1576.62894
4/10/22,other biomass thousand megawatthours,1558.14735
3/10/22,other biomass thousand megawatthours,1591.66977
2/10/22,other biomass thousand megawatthours,1382.24081
1/10/22,other biomass thousand megawatthours,1502.76296
12/9/22,other biomass thousand megawatthours,1607.67579
11/9/22,other biomass thousand megawatthours,1572.31225
10/9/22,other biomass thousand megawatthours,1533.18567
9/9/22,other biomass thousand megawatthours,1501.26339
8/9/22,other biomass thousand megawatthours,1603.78017
7/9/22,other biomass thousand megawatthours,1628.48273
6/9/22,other biomass thousand megawatthours,1558.39733
5/9/22,other biomass thousand megawatthours,1522.21899
4/9/22,other biomass thousand megawatthours,1542.33574
3/9/22,other biomass thousand megawatthours,1553.09164
2/9/22,other biomass thousand megawatthours,1357.45298
1/9/22,other biomass thousand megawatthours,1462.39925
12/8/22,other biomass thousand megawatthours,1506.34662
11/8/22,other biomass thousand megawatthours,1449.29333
10/8/22,other biomass thousand megawatthours,1489.61668
9/8/22,other biomass thousand megawatthours,1426.64382
8/8/22,other biomass thousand megawatthours,1529.49562
7/8/22,other biomass thousand megawatthours,1608.42546
6/8/22,other biomass thousand megawatthours,1501.88923
5/8/22,other biomass thousand megawatthours,1474.90846
4/8/22,other biomass thousand megawatthours,1503.51881
3/8/22,other biomass thousand megawatthours,1472.45192
2/8/22,other biomass thousand megawatthours,1364.46101
1/8/22,other biomass thousand megawatthours,1406.70765
12/7/22,other biomass thousand megawatthours,1452.20269
11/7/22,other biomass thousand megawatthours,1425.13081
10/7/22,other biomass thousand megawatthours,1425.64801
9/7/22,other biomass thousand megawatthours,1400.20473
8/7/22,other biomass thousand megawatthours,1439.53885
7/7/22,other biomass thousand megawatthours,1443.05645
6/7/22,other biomass thousand megawatthours,1392.43572
5/7/22,other biomass thousand megawatthours,1348.72034
4/7/22,other biomass thousand megawatthours,1253.62091
3/7/22,other biomass thousand megawatthours,1373.07007
2/7/22,other biomass thousand megawatthours,1200.21349
1/7/22,other biomass thousand megawatthours,1370.71192
12/6/22,other biomass thousand megawatthours,1382.41136
11/6/22,other biomass thousand megawatthours,1358.82187
10/6/22,other biomass thousand megawatthours,1332.48449
9/6/22,other biomass thousand megawatthours,1307.63211
8/6/22,other biomass thousand megawatthours,1388.88808
7/6/22,other biomass thousand megawatthours,1399.06519
6/6/22,other biomass thousand megawatthours,1328.03867
5/6/22,other biomass thousand megawatthours,1371.35452
4/6/22,other biomass thousand megawatthours,1226.9033
3/6/22,other biomass thousand megawatthours,1344.34039
2/6/22,other biomass thousand megawatthours,1270.35046
1/6/22,other biomass thousand megawatthours,1388.23414
12/5/22,other biomass thousand megawatthours,1330.03656
11/5/22,other biomass thousand megawatthours,1290.20965
10/5/22,other biomass thousand megawatthours,1205.37626
9/5/22,other biomass thousand megawatthours,1283.00703
8/5/22,other biomass thousand megawatthours,1348.02545
7/5/22,other biomass thousand megawatthours,1381.22703
6/5/22,other biomass thousand megawatthours,1329.13436
5/5/22,other biomass thousand megawatthours,1351.15214
4/5/22,other biomass thousand megawatthours,1222.54168
3/5/22,other biomass thousand megawatthours,1277.92853
2/5/22,other biomass thousand megawatthours,1123.40741
1/5/22,other biomass thousand megawatthours,1278.34692
12/4/22,other biomass thousand megawatthours,1286.95044
11/4/22,other biomass thousand megawatthours,1257.97685
10/4/22,other biomass thousand megawatthours,1248.3871
9/4/22,other biomass thousand megawatthours,1238.51804
8/4/22,other biomass thousand megawatthours,1328.5582
7/4/22,other biomass thousand megawatthours,1326.58218
6/4/22,other biomass thousand megawatthours,1305.8243
5/4/22,other biomass thousand megawatthours,1359.19063
4/4/22,other biomass thousand megawatthours,1291.13833
3/4/22,other biomass thousand megawatthours,1291.3173
2/4/22,other biomass thousand megawatthours,1223.1291
1/4/22,other biomass thousand megawatthours,1262.99724
12/3/22,other biomass thousand megawatthours,1415.33501
11/3/22,other biomass thousand megawatthours,1284.95831
10/3/22,other biomass thousand megawatthours,1280.7485
9/3/22,other biomass thousand megawatthours,1303.16547
8/3/22,other biomass thousand megawatthours,1383.31461
7/3/22,other biomass thousand megawatthours,1404.17541
6/3/22,other biomass thousand megawatthours,1289.75194
5/3/22,other biomass thousand megawatthours,1301.3225
4/3/22,other biomass thousand megawatthours,1318.28832
3/3/22,other biomass thousand megawatthours,1339.59704
2/3/22,other biomass thousand megawatthours,1163.352
1/3/22,other biomass thousand megawatthours,1327.98224
12/2/22,other biomass thousand megawatthours,1278.52433
11/2/22,other biomass thousand megawatthours,1214.99059
10/2/22,other biomass thousand megawatthours,1212.83984
9/2/22,other biomass thousand megawatthours,1285.41016
8/2/22,other biomass thousand megawatthours,1396.21668
7/2/22,other biomass thousand megawatthours,1377.97594
6/2/22,other biomass thousand megawatthours,1297.59905
5/2/22,other biomass thousand megawatthours,1247.18483
4/2/22,other biomass thousand megawatthours,1161.60046
3/2/22,other biomass thousand megawatthours,1251.77531
2/2/22,other biomass thousand megawatthours,1086.12226
1/2/22,other biomass thousand megawatthours,1233.47497
12/1/22,other biomass thousand megawatthours,1252.85502
11/1/22,other biomass thousand megawatthours,1191.8213
10/1/22,other biomass thousand megawatthours,1214.63765
9/1/22,other biomass thousand megawatthours,1201.46247
8/1/22,other biomass thousand megawatthours,1284.82124
7/1/22,other biomass thousand megawatthours,1285.78322
6/1/22,other biomass thousand megawatthours,1224.77297
5/1/22,other biomass thousand megawatthours,1210.74093
4/1/22,other biomass thousand megawatthours,1187.23919
3/1/22,other biomass thousand megawatthours,1189.04028
2/1/22,other biomass thousand megawatthours,1096.33055
1/1/22,other biomass thousand megawatthours,1208.64715